{
   "smokeinfos" : [
      {
         "angle" : {
            "x" : -39.655014038085938,
            "y" : -165.39991760253906
         },
         "gType" : 1,
         "name" : "A-Stairs",
         "pos" : {
            "x" : 1148.1180419921875,
            "y" : -1183.96875,
            "z" : -141.50912475585938
         },
         "tType" : 0
      },
      {
         "angle" : {
            "x" : -26.620054244995117,
            "y" : -174.44998168945312
         },
         "gType" : 1,
         "name" : "A-Jungle/Connector",
         "pos" : {
            "x" : 815.96875,
            "y" : -1456.4180908203125,
            "z" : -44.90618896484375
         },
         "tType" : 0
      },
      {
         "angle" : {
            "x" : -32.780055999755859,
            "y" : -149.45492553710938
         },
         "gType" : 1,
         "name" : "A-Dangebox",
         "pos" : {
            "x" : 815.96875,
            "y" : -1274.6619873046875,
            "z" : -44.90618896484375
         },
         "tType" : 0
      },
      {
         "angle" : {
            "x" : -30.690059661865234,
            "y" : -145.32502746582031
         },
         "gType" : 1,
         "name" : "A-CT Spawn",
         "pos" : {
            "x" : 1090.3828125,
            "y" : -1013.662109375,
            "z" : -193.72451782226562
         },
         "tType" : 2
      }
   ]
}
